{"f1": 0.84999999999999998, "recall": 0.84999999999999998, "precision": 0.84999999999999998, "accuracy": 0.84999999999999998}